{
    "gotCloserToInvader": 0.5373623048984785,
    "ateInvader": 0.8999999999999998,
    "enemyPowered": 0.0,
    "onDefense": 0.06675969459838509,
    "leavingStart": 0.02759699493112687,
    "coveringGround": 0.007513338267217063,
    "stopped": 0.0
}